{
"Adjustible_connector" : "277" ,
"Door_knob" : "237" ,
"Floor_to_Glass_Bracket" : "160" ,
"Glass_Timeles" : "1107" ,
"Glass_to_Glass_Bracket_90" : "220" ,
"Glass_to_Glass_Hinge_135" : "657" ,
"Glass_to_Glass_Hinge_180" : "639" ,
"Glass_to_Glass_Hinge_180_Adj" : "865" ,
"Glass_to_Glass_Hinge_90" : "639" ,
"Installation_Cost" : "700" ,
"Magnetic_seal_2500mm" : "353" ,
"Margin_for_installer" : "15" ,
"Middle_Seal_2500_long" : "101" ,
"Pentagonal_support_bar" : "2850" ,
"Rod_to_Glass_Clamp" : "212" ,
"Silicon_Sealant" : "240" ,
"Sliding_Door" : "1400" ,
"Soft_nose_seal_2500" : "101" ,
"Support_Bar_2100" : "510" ,
"Three_Way_Hinge" : "959" ,
"Towel_rod_cum_handrail" : "435" ,
"Wall_Seal_2500_mm" : "101" ,
"Wall_to_Glass_Bracket" : "176" ,
"Wall_to_Glass_Hinge" : "410" ,
"Wall_to_Rod_Connector" : "166" ,
"Water_disperser_2000" : "93" ,
"addnl_Margin_for_biller" : "15" ,
}
